cleaned_text,is_gambling_site
vegas situs judi slot online slot gacor resmi tepercaya samsung,1
sip situs judi slot online maxwin gacor slot terpercaya hoki samsung alilzdmodsitenavpc alilzdmodsitemenupc alilzdmodsitemenunavpc alilzdmoddesktopfooter,1
vegas situs judi slot online slot gacor resmi tepercaya samsung,1
slot link situs slot gacor paling akurat gampang menang x samsung alilzdmodsitenavpc alilzdmodsitemenupc alilzdmodsitemenunavpc alilzdmoddesktopfooter,1
slot online gacor pg soft hari ini dan demo slot pragmatic play gratis jamin maxwin slot online gacor,1
slot link situs slot gacor gampang menang hari ini terbaru samsung alilzdmodsitenavpc alilzdmodsitemenupc alilzdmodsitemenunavpc alilzdmoddesktopfooter,1
mahad situs gacor parah slot online maxwin dan slot demo x pragmatic play gratis,1
slot gacor jeniustoto akun demo slot online pragmtic play x hari ini gratis rupiah slot gacor jeniustoto,1
link slot gacor situs slot online gacor malam ini terpaten wajib coba samsung alilzdmodsitenavpc alilzdmodsitemenupc alilzdmodsitemenunavpc alilzdmoddesktopfooter,1
alilzdmodsitenavpc alilzdmodsitemenupc alilzdmodsitemenunavpc alilzdmoddesktopfooter,1
tokyo situs link slot online gacor hari ini gampang menang maxwin slot samsung alilzdmodsitenavpc alilzdmodsitemenupc alilzdmodsitemenunavpc alilzdmoddesktopfooter,1
slot slotfafa link situs slot gacor hari ini strategi gampang menang samsung alilzdmodsitenavpc alilzdmodsitemenupc alilzdmodsitemenunavpc alilzdmoddesktopfooter lzd,1
slot max situs raja slot online gacor hari ini slot resmi terbaik samsung alilzdmodsitenavpc alilzdmodsitemenupc alilzdmodsitemenunavpc alilzdmoddesktopfooter,1
slot situs judi slot gacor gampang menang maxwin rtp terbaru hari ini samsung,1
hawa situs slot gacor hari ini gampang menang paling maxwin samsung,1
saljud aplikasi mobileselamat datangsilahkan atau mendaftarmasukdaftarlupa rincian masuk gamessportsbookslotslive casinopokertangkasfishothershotpromosidownloadhubungi kami slot gacor malam inimain slot gacor malam ini di salju d jamin gampang maxwin sensasionalmasukdaftarsportsbookslotslive casinopokertangkasfishothershotidr slots popularlebih banyak gamegates of olympusqueen of wands extreme rhinozeusjoker s jewels popular gameswb sportpp suitelive pp slotv powerslot menit rata rata menit untuk proses deposit menit rata rata menit untuk proses penarikan hak cipta dilindungi salju d sensasi link slot online terbaru gacor parah malam inislot online adalah perjudian yang sangat marak di indonesia sebuah permainan mesin online yang bisa dimainkan oleh siapa saja untuk memainkan slot gacor tentu wajib minimal umur terlebih dahulu kini semua orang berbondong bondong memainkan judi slot online dikarenakan kegacorannya yang sangat parah tentu slotmania akan tergiur dengan gacor parah dari slot online menariknya untuk merasakan slot gacor para pemain harus memainkannya pada malam hari slot gacor malam ini bisa dirasakan dengan mudah melalui agen resmi sensasi slot online terbaik pastinya hanya bisa dirasakan melalui salju d kenalan dulu bersama salju d salah satu penyedia slot online terbaru dengan berbagai bonus serta minimal deposit yang rendah ini menjadi kesempatan yang menyenangkan bagi slotmania untuk merasakan slot online terbaru beranda unduh masuk promosi live chat live chat masuk daftarlupa hot balakplay gss slot pp slotion suiteevo suitesportsbookwb sporti sports sports sport wap g bti sportslotspp slotmg slotreel kingdomslot pgsoftlive jili v powerjokerhabanerosg slotcq ka gaming ion gss gp slotpt slotplaystar tsg slot ace netent nolimit city red tiger fastspin live casinopp suitewm suite vivo suite ebet suitesexy suitesa suiteion suiteevo suiteab suitegp suitept suiteag suitemg suites suite og suite dg suite sukagaming pokerbalak poker gaming p playtangkastangkasfishv power fish ace ka gamingjoker playtech others luxe d nex d connectcockft ka gaming promosimain slot gacor malam ini di salju d jamin gampang maxwin sensasionalidr slots popularlebih banyak gamemaingates of olympusmainqueen of wandsmain mainextreme rhinomainzeusmainjoker s jewels popular gamesmainwb sportmainpp suitemainlive mainpp slotmainv powermainslot kelebihan layanandepositwaktu rata rata minswithdrawwaktu rata rata minssistem pembayarandownload appsmember servicetentang kamisyarat amp ketentuanpribaditanggung jawabpusat infohubungi kamisalju d sensasi link slot online terbaru gacor parah malam inislot online adalah perjudian yang sangat marak di indonesia sebuah permainan mesin online yang bisa dimainkan oleh siapa saja untuk memainkan slot gacor tentu wajib minimal umur terlebih dahulu kini semua orang berbondong bondong memainkan judi slot online dikarenakan kegacorannya yang sangat parah tentu slotmania akan tergiur dengan gacor parah dari slot online menariknya untuk merasakan slot gacor para pemain harus memainkannya pada malam hari slot gacor malam ini bisa dirasakan dengan mudah melalui agen resmi sensasi slot online terbaik pastinya hanya bisa dirasakan melalui salju d kenalan dulu bersama salju d salah satu penyedia slot online terbaru dengan berbagai bonus serta minimal deposit yang rendah ini menjadi kesempatan yang menyenangkan bagi slotmania untuk merasakan slot online terbaru salju d seluruh hak cipta informasidaftarbuka akun untuk menikmati semua promosi taruhan online kami dan hiburan game berkualitas premium dengan kualitas luar biasa kami menyediakan semua produk yang anda butuhkan terutama untuk pasar indonesia saja deposit penarikan cepat grafik yang menarik mudah diakses dengan banyak browser pribadidengan menerapkan teknologi keamanan paling canggih yang tersedia saat ini kami memastikan bahwa semua informasi pribadi dan transaksi anggota akan benar benar aman produktaruhan sports amp taruhan livekami menawarkan semua olahraga utama seperti liga inggris la liga serie a liga champion ligue liga jerman nfl nba ncaa basketball tenis formula dan banyak lagi kami menawarkan hingga taruhan live pertandingan sepakbola setiap bulannya untuk kesenangan bermain anda live casinokami memiliki berbagai pilihan penawaran ini termasuk live dealer kasino dengan tampilan live lobby dealer asia cantik live baccarat live sic bo live dragon tiger live roulette slot online kasino dan permainan keno game slotratusan permainan slot yang menarik dan penuh warna dengan peluang untuk memenangkan jackpot hingga miliaran rupiah selalu siap untuk anda taklukkan pusat infopusat bantuanlihat halaman faq kami untuk aturan taruhan dan bantuan game ini berisi bantuan pada pembukaan akun deposit penarikan dan bantuan teknis cara pembayarankami memberikan pilihan tepat bagi pelanggan untuk melakukan deposit dan penarikan semua transaksi akan diproses dengan cepat dan aman hubungi kamijika anda memerlukan bantuan atau memiliki pertanyaan tentang taruhan kami tersedia melalui live chat whatsapp line skype   telepon dan email promosi dan penawaran khususpromosikami menawarkan bonus penyambutan untuk anggota baru reload bonus promosi bulanan di semua produk rebate harian dan mingguan selain itu ada program ucapan terima kasih untuk anggota yang aktif dan banyak game mini untuk memberikan ribuan kartu game setiap minggu klub rewarddapatkan poin dari setiap taruhan dan tukarkan produk fashion atau teknologi terbaru ketika anda mengunjungi halaman tukar hadiah hadiah akan dikirimkan kepada anda dalam waktu hari klub vipmenjadi vip kami untuk mendapatkan layanan dan profesionalisme terbaik dengan ribuan hadiah dan program promosi khusus untuk vip providersportsbookslotslive casinogaplepoker tangkasfishlotteryotherssponsored by verified metode pembayaran atm gsc let e new promise resolve reject,1
rrq situs judi slot online gacor hari ini slot resmi terpercaya janji maxwin samsung,1
kumparan desktop homepage billboard position desktop homepage billboard position desktop homepage billboard position desktop homepage billboard position desktop billboard desktop article below image desktop intermezzo desktop sidebar bannerufhold stick position desktop sidebar bannerufhold stick position left skyscrapper right skyscrapper desktop headline native news card x position desktop headline native news card x position desktop headline native news card x position desktop headline native news card x position desktop content section widget header desktop zodiac widget header desktop ramadhan widget header desktop out of page desktop image showcase carousel widget footer desktop background image desktop over the page ads willy petrus arjuna simaremare judi online judi slot judi slot merajalela eparking dipakai judi slot news nabila jayanti kumparan kumparannews fitra andrianto kumparanoto kumparan studio kumparanbisnis ema fitriyani nicha muslimawati sena pratama habib allbi ferdian kumparansains green initiative willy petrus arjuna simaremaremasukbuat tulisanentertainmentnewstekno amp sainsbisnisfood amp travelbola amp sportsotomotifwomanmombolanitalainnyavideo storygaleri fotokabar daerahpollingzodiaktentang kamipedoman media siberketentuan amp kebijakan privasipanduan komunitasperingkat penuliscara menulis di kumparaninformasi kerja samabantuaniklankarirfacebookinstagramtwitterwhatsappyoutubetiktoklinespotify pt dynamo media  breaking newsvideo storygreen initiativetrendingkumparanplusopini amp ceritaberandanewskonten dari penggunafenomena judi online slot gaya hidup baru berbahaya di era digital willy petrus arjuna simaremaremahasiswa universitas medan area juli wib waktu baca menit tulisan dari willy petrus arjuna simaremare tidak mewakili pandangan dari redaksi kumparanperbesarmari kita jaga diri dan lingkungan dari bahaya judi online edit by willykumparan hadir di whatsapp channelfollowdi era digital ini kemudahan akses internet telah membuka ruang bagi berbagai aktivitas termasuk perjudian online salah satu jenis judi online yang kian populer adalah slot online yang mudah ditemukan di warung internet laptop bahkan smartphone kemudahan akses ini menjadikan judi online slot sebagai gaya hidup baru khususnya di kalangan remaja yang mudah terpengaruh tren ilustrasi seseorang bermain judi online slot edit by willydaya tarik judi online slot terletak pada aksesnya yang mudah dan fleksibel pemain dapat bertaruh kapanpun dan dimanapun berkat situs judi online yang beroperasi jam sehari transaksi pembayaran pun dimudahkan dengan sistem online melalui m banking teknologi terus berkembang meningkatkan kualitas dan daya tarik mesin slot namun di balik kecanggihannya judi online slot membawa risiko finansial yang besar meskipun dibalut dengan embel embel keberuntungan mesin slot dirancang untuk menghasilkan keuntungan bagi kasino dalam jangka panjang hal ini membuat pemain berpotensi kehilangan uang dalam periode yang lama oleh karena itu penting untuk bermain dengan bijak tetapkan batas taruhan dan gunakan uang sesuai kemampuan ingatlah bahwa judi online slot bukan cara untuk mendapatkan keuntungan finansial yang stabil fenomena judi online slot marak terjadi karena iming iming keuntungan besar dengan cara cepat namun di balik keuntungan semu tersebut terdapat dampak negatif yang seringkali tidak disadari para penjudi pertama judi online slot dapat memicu perubahan pola pikir ke arah materialistik emosi tak terkendali dan keserakahan dapat mengaburkan akal sehat mendorong pemain untuk terus bertaruh demi meraih keuntungan lebih kedua judi online merupakan tindakan ilegal di indonesia berdasarkan pasal kuhp pelaku judi terancam pidana penjara maksimal tahun dan denda rp juta untuk aktivitas game online pasal ayat uu ite mengatur pidana penjara maksimal tahun dan denda rp miliar bagi pihak yang mengedarkan atau membuat game online yang dapat diakses meskipun dilarang judi online masih marak terjadi konten perjudian di media sosial dan iklan yang gencar dari influencer seolah melegalkan aktivitas ini perjudian dapat merugikan masyarakat dan moralitas bangsa perilaku berjudi yang kompulsif dapat menimbulkan berbagai masalah termasuk finansial sosial dan psikologis kemajuan teknologi dan tingginya pengguna internet di indonesia membuka celah bagi oknum oknum yang memanfaatkannya untuk melakukan kejahatan seperti judi online slot oleh karena itu diperlukan upaya bersama untuk memerangi judi online slot peningkatan literasi digital dan penegakan hukum yang tegas menjadi kunci utama edukasi tentang bahaya judi online perlu digencarkan khususnya kepada generasi muda mari kita jaga diri dan lingkungan dari bahaya judi online slot ingatlah hidup yang sejahtera tidak dibangun dengan perjudian melainkan dengan kerja keras dedikasi dan kejujuran judi onlinejudi slotjudi slot merajalelae parking dipakai judi slot laporkan tulisanutransitional i,0
hukum judi online kian berat ini aturan terbarunya hukum judi online kian berat ini aturan terbarunya pt justika siar publika beranda klinik pidana hukum judi ionlinei kian berat ini aturan terbarunya nafiatul munawaroh sh mh si pokrol bernadetha aurelia oktavira sh si pokrol nafiatul munawaroh sh mh si pokrol nafiatul munawaroh sh mh si pokrol muhammad raihan nugraha sh si pokrol muhammad raihan nugraha sh si pokrol erizka permatasari sh si pokrol nafiatul munawaroh sh mh si pokrol erizka permatasari sh si pokrol muhammad raihan nugraha sh si pokrol renata christha auli sh si pokrol muhammad raihan nugraha sh si pokrol rifdah rudi sh si pokrol katalog produkberlangganan prosemuaprosolusiinfo hukumevent amp awardsdaftarmasukproanalisis hukumanalisis komprehensif bilingual peraturan perundang undangan dan isu hukum terkinilegal intelligence updatesnewkonten eksklusif dari sumber a tentang rancangan peraturan dan kebijakan pemerintah terkinipusat datakoleksi peraturan perundang undangan dan putusan pengadilan yang sistematis serta terintegrasipremium storiesartikel premium komprehensif untuk referensi praktis para profesional hukumuniversity solutionsplatform pengetahuan hukum terintegrasi untuk jaringan akademisi hukum terdepan di indonesiasolusiregulatory compliance systemplatform pemantauan kepatuhan hukum terintegrasi dan berbasis teknologi artificial intelligencedocument management systemsolusi pengelolaan dokumen perusahaan dalam satu platform terintegrasiizin usahasolusi lengkap pendirian dan perizinan badan usaha yang praktis dan terjangkaukonsultasi hukumsolusi hukum dari para advokat berpengalamanpembuatan dokumenpembuatan dokumen hukum hukum dengan cepat dan mudahwawasan hukumkliniktanya jawab gratis tentang berbagai isu hukumberitainformasi dan berita terkini seputar perkembangan hukum di indonesiajurnalkoleksi artikel dan jurnal hukum yang kredibel untuk referensi penelitian andaeventinformasi mengenai seminar diskusi dan pelatihan tentang berbagai isu hukum terkinidata pribadipembahasan khusus tentang uu pelindungan data pribadi untuk membantu anda memantau kepatuhan hukumawardspemeringkatan dan penghargaan berbasis survei dan data bagi komunitas hukum di indonesiapkpapkpa hukumonline bersama peradi dan fh yarsi dengan kurikulum komprehensif dan pengajar terbaikonline courseplatform belajar hukum terbaik secara online dengan materi dan pengajar yang berkualitaspublikasi onlinelayanan publikasi bagi komunitas hukum melalui konten atau akvitasi sesuai dengan kebutuhan andaklinikberandatips hukumpidanakeluargaperdatakenegaraanprofesi hukumilmu hukumbisnispertanahan amp propertiketenagakerjaanperlindungan konsumenhak asasi manusiakekayaan intelektualteknologistartup amp umkmberitaberandautamaterbarukolomfotojedatajukprofilisu hangatpojok akpipojok inipojok kuhpkabar kampussurat pembacajurnalberandadaftar jurnalartikeleventberandakegiatan terkinievent organizerin house trainingarsip kegiatannarasumberdata premium berupa analisis hukum dwibahasa pusat data peraturan dan putusan pengadilan serta artikel premium solusisolusi kebutuhan dan permasalahan hukum anda melalui pemanfaatan teknologi wawasan hukumlayanan edukasi dan informasi hukum tepercaya sesuai dengan perkembangan hukum di indonesia catalog productada pertanyaan hubungi kamikatalog produkberlangganan probatalproduk pilihan legal analysistemukan definisi istilah istilah hukum secara gratis dan tepercaya dari peraturan perundang undangan online course online course platform belajar hukum terbaik secara online dan fleksibel dengan materi dan pengajar yang berkualitas serta kemudahan waktu belajar regulatory compliance systemtemukan definisi istilah istilah hukum secara gratis dan tepercaya dari peraturan perundang undangan regulatory compliance systemtemukan definisi istilah istilah hukum secara gratis dan tepercaya dari peraturan perundang undangan regulatory compliance systemtemukan definisi istilah istilah hukum secara gratis dan tepercaya dari peraturan perundang undangan   di semua   di analisis   di peraturan   di putusan   di legal intelligence   di berita   di klinik   di eventsada pertanyaan hubungi kamidaftarmasuk hak cipta milik hukumonline cominfo hukumproinfo hukumsolusievents amp awardsklinikberitanewhukumonline streamdata pribadijurnalhometips hukumpidanakeluargaperdatakenegaraanprofesi hukumilmu hukumbisnispertanahan amp propertiketenagakerjaanperlindungan konsumenhak asasi manusiakekayaan intelektualteknologistartup amp umkmpersonalisasihalo anda segera upgrade paket berlangganan anda dapatkan fitur lebih lengkapmulai berlangganan sekarangprofilkeluarada pertanyaan hubungi kamibahasabahasa indonesiaenglish hukum judi online kian berat ini aturan terbarunya share beranda gt gt pidana gt hukum judi online ki   pidanahukum judi online kian berat ini aturan terbarunya nafiatul munawaroh s h m hsi pokrolbacaan menit agustus pertanyaanbaru baru ini saya diarahkan untuk mengunjungi situs yang bertajuk lelang online indonesia di situs itu skema lelang yang ditawarkan cukup aneh pemenang lelang adalah penawar tertinggi dan waktu lelang usai harga barang awal rp dengan waktu lelang jam peserta berlomba lomba menawar dengan poin yang dibeli di situs tersebut poin rp dan tiap sekali tawar bidding hilang poin jadi yang kalah poinnya tidak kembali indikasi judinya adalah uang poin yang kalah akan hilang apakah sistem lelang semacam ini bisa dibenarkan bukankah ini judi bagaimana hukum judi online ini terima kasih daftar isipertanyaandaftar isiintisari jawabanulasan lengkapklinik terkaitperjudian dan hukum judi online di indonesiatagsintisari jawabankegiatan lelang online tersebut dapat dikatakan sebagai perjudian dan segala jenis perjudian dinyatakan sebagai tindak pidana hukum judi online bagi pelaku tersebut dapat dipidana berdasarkan pasal ayat jo pasal ayat uu penjelasan lebih lanjut dapat anda baca ulasan di bawah ini ulasan lengkapterima kasih atas pertanyaan anda artikel di bawah ini adalah pemutakhiran ketiga dari artikel dengan judul judi internet sejauh manakah uu ite bisa menjangkaunya yang dibuat oleh tim advokat suara keadilan dan pertama kali dipublikasikan pada jumat juli kemudian dimutakhirkan pertama kali oleh sovia hasanah s h pada senin februari dan dimutakhirkan kedua kalinya pada mei klinik terkaitjerat hukum membuat website judi online jul hukumnya bermain judi pertandingan sepak bola jul bisakah pecandu judi online diajukan pengampuan jul apakah trading sama dengan judi feb artikel ini dibuat berdasarkan kuhp lama dan uu tentang kuhp yang diundangkan pada tanggal januari seluruh informasi hukum yang ada di klinik hukumonline com disiapkan semata mata untuk tujuan pendidikan dan bersifat umum lihat pernyataan penyangkalan selengkapnya untuk mendapatkan nasihat hukum spesifik terhadap kasus anda konsultasikan langsung dengan konsultan mitra justika belajar hukum secara online dari pengajar berkompeten dengan biaya terjangkaumulai darirp  lihat semua kelas hukum judi online atau judi apapun adalah dilarang namun meski dilarang praktik judi online masih marak dilakukan bahkan cara judi online saat ini semakin beragam sebut saja judi online jam slot togel poker judi bola dan lain sebagainya kemudahan akses internet saat ini tentu jadi penyebabnya namun menurut hadiyanto kenneth dalam tesisnya yang berjudul tindak pidana perjudian online melalui media internet hal ada dua faktor lain yang melatarbelakangi perkembangan judi online di tanah air pertama upaya preventif yang dilakukan pemerintah masih minim hal tersebut dapat dilihat dari masih banyaknya situs situs judi online yang masih beroperasi tidak jarang situs situs tersebut memasang iklan berbayar di situs mesin pencari secara terang terangan kedua penyalahgunaan fasilitas perbankan kemudahan akses fasilitas perbankan saat ini disalahgunakan pelaku judi online untuk melakukan transaksinya perjudian dan hukum judi online di indonesiadi indonesia terdapat beberapa peraturan yang mengatur perihal perjudian seperti yang diatur dalam pasal dan pasal bis kuhp lama yang masih berlaku pada saat artikel ini diterbitkan atau pasal dan pasal uu tentang kuhp baru yang berlaku tahun sejak tanggal diundangkan yaitu tahun perjudian menurut kuhp ketentuan pasal ayat kuhp menjelaskan hal sebagai berikut diancam dengan pidana penjara paling lama sepuluh tahun atau pidana denda paling banyak dua puluh lima juta rupiah barang siapa tanpa mendapat izin dengan sengaja menawarkan atau memberikan kesempatan untuk permainan judi dan menjadikannya sebagai pencarian atau dengan sengaja turut serta dalam suatu perusahaan untuk itu dengan sengaja menawarkan atau memberi kesempatan kepada khalayak umum untuk bermain judi atau dengan sengaja turut serta dalam perusahaan untuk itu dengan tidak peduli apakah untuk menggunakan kesempatan adanya sesuatu syarat atau dipenuhinya sesuatu tata cara menjadikan turut serta pada permainan judi sebagai pencarian kemudian ketentuan pasal bis ayat kuhp berbunyi diancam dengan hukuman penjara paling lama empat tahun atau denda paling banyak sepuluh juta rupiah barangsiapa menggunakan kesempatan untuk main judi yang diadakan dengan melanggar peraturan pasal barangsiapa ikut serta permainan judi yang diadakan di jalan umum atau di pinggirnya maupun di tempat yang dapat dimasuki oleh khalayak umum kecuali jika untuk mengadakan itu ada izin dari penguasa yang berwenang kemudian berdasarkan pasal ayat kuhp judi adalah tiap tiap permainan yang umumnya terdapat kemungkinan untuk untung karena adanya peruntungan atau karena pemainnya mahir dan sudah terlatih yang juga termasuk main judi ialah pertaruhan tentang keputusan perlombaan atau permainan lain yang tidak diadakan oleh mereka yang turut berlomba atau bermain itu demikian juga segala pertaruhan yang lain lain jika melihat dari definisi judi yang dinyatakan dalam pasal ayat kuhp maka kegiatan sebagaimana anda jelaskan dalam pertanyaan dapat dikategorikan sebagai judi menurut r soesilo dalam bukunya kitab undang undang hukum pidana kuhp serta komentar komentarnya lengkap pasal demi pasal hal orang yang mengadakan main judi dihukum menurut pasal kuhp sementara orang orang yang ikut pada permainan itu dikenakan hukuman menurut pasal bis kuhp perjudian menurut kuhp baru atau uu ketentuan pasal uu dipidana dengan pidana penjara paling lama sembilan tahun atau pidana denda paling banyak kategori vi rp miliar setiap orang yang tanpa izin menawarkan atau memberi kesempatan untuk main judi dan menjadikan sebagai mata pencaharian atau turut serta dalam perusahaan perjudian menawarkan atau memberi kesempatan kepada umum untuk main judi atau turut serta dalam perusahaan perjudian terlepas dari ada tidaknya suatu syarat atau tata cara yang harus dipenuhi untuk menggunakan kesempatan tersebut atau menjadikan turut serta pada permainan judi sebagai mata pencaharian jika tindak pidana sebagaimana dimaksud pada ayat dilakukan dalam menjalankan profesi dapat dijatuhi pidana tambahan berupa pencabutan hak sebagaimana dimaksud dalam pasal huruf f kemudian ketentuan pasal uu selengkapnya berbunyi setiap orang yang menggunakan kesempatan main judi yang diadakan tanpa izin dipidana dengan pidana penjara paling lama tiga tahun atau pidana denda paling banyak kategori iii rp juta hukum judi online menurut uu iteadapun mengenai hukum judi online secara spesifik diatur dalam uu ite yang diubah terakhir kalinya dengan uu ketentuan pasal ayat uu menerangkan bahwa setiap orang dengan sengaja dan tanpa hak mendistribusikan dan atau mentransmisikan dan atau membuat dapat diaksesnya informasi atau dokumen elektronik yang memiliki muatan perjudian adalah masuk sebagai perbuatan yang dilarang lebih lanjut penjelasan pasal ayat uu menerangkan bahwa ketentuan tersebut mengacu pada ketentuan perjudian dalam hal menawarkan atau memberikan kesempatan untuk bermain judi menjadikannya sebagai mata pencaharian menawarkan atau memberikan kesempatan kepada umum untuk bermain judi dan turut serta dalam perusahaan untuk itu perlu diketahui bahwa hukum judi online diatur dalam pasal ayat uu yang menerangkan ketentuan bahwa setiap orang yang dengan sengaja dan tanpa hak mendistribusikan mentransmisikan dan atau membuat dapat diaksesnya informasi elektronik dan atau dokumen elektronik yang memiliki muatan perjudian dipidanapenjara paling lama tahun dan atau denda paling banyak rp miliar penjelasan lain mengenai judi online dapat anda simak dalam artikel hukumnya mengiklankan website yang mengarahkan ke perjudian dapat kami simpulkan bahwa kegiatan lelang online yang anda tanyakan dapat dikatakan sebagai perjudian pelaku judi online tersebut dapat dipidana berdasarkan pasal ayat jo pasal ayat uu berupa pidana penjara maksimal tahun dan atau denda paling banyak rp miliar demikian jawaban dari kami perihal hukum judi online dalam konsep lelang sebagaimana ditanyakan semoga bermanfaat dasar hukum kitab undang undang hukum pidana undang undang nomor tahun tentang informasi dan transaksi elektronik sebagaimana diubah dengan undang undang nomor tahun tentang perubahan atas undang undang nomor tahun tentang informasi dan transaksi elektronik dan diubah kedua kalinya dengan undang undang nomor tahun tentang perubahan kedua atas undang undang nomor tahun tentang informasi dan transaksi elektronik undang undang nomor tahun tentang kitab undang undang hukum pidana referensi r soesilo kitab undang undang hukum pidana kuhp serta komentar komentarnya lengkap pasal demi pasal bogor politeia hardiyanto kenneth tindak pidana perjudian online melalui media internet tesis program pascasarjana program studi kajian ilmu kepolisian universitas indonesia pasal undang undang nomor tahun tentang kitab undang undang hukum pidana uu pasal ayat huruf f uu pasal ayat huruf c uu tagshukumhukumonlineinformasi dan transaksi elektronikinternetitelelangonlinepidanateknologiuu itepunya masalah hukum yang sedang dihadapi kirim pertanyaanatauchat sekarangmulai dari rp baca disclaimerpowered byklinik terbarusyarat dan cara rujuk talak tanpa menikah lagi sep bolehkah jaksa menuntut bebas terdakwa sep pancasila sebagai sumber hukum tertinggi di indonesia sep masa sanggah cpns dan cara mengajukannya sep apakah kekerasan oleh kakak ipar termasuk kdrt sep lihat semuatips hukumlihat semua dasar hukum poligami di indonesia dan prosedurnya nov mau melaporkan tindak pidana ke polisi begini prosedurnya des ingin rujuk begini cara cabut gugatan cerai di pengadilan sep dapatkan info berbagai lowongan kerja hukum terbaru di indonesia kunjungi law firm ini buka lowongan dari junior hingga mid level associateassegaf hamzah and partners buka lowongan kerja daftar daftar lowongan kerja associate di firma hukumlowongan kerja legal internship di top law firm mau catat lowongan kerja legal staff ada bumnsegera daftar perusahaan ini buka lowongan legal internshiplowongan human resource legal terbaru agustus butuh lebih banyak artikel lihat semuaartikel selanjutnyaapakah jam kerja cpns sama dengan pns pantau kewajiban hukum perusahaan anda di sini links first,0
christovel ramot klikdokter kesehatan mental kesehatan mental tetap terhubung dengan kami klikdokter instagram facebook twitter youtube tiktok layanan tanya dokter temu dokter layanan medis u lab info obat info penyakit kalstore layanan buat janji tanya dokter belanja sehat info obat info penyakit temu dokter layanan medis u lab tanya dokter belanja sehat hallo bumil info obat info penyakit lainnya lebih dekat tentang klikdokter kebijakan privasi syarat dan ketentuan hubungi kami faq karier kolaborasi dengan kami korporasi tenaga kesehatan fasilitas kesehatan neocate le minerale neocate le minerale ucpuejaga sehatmuucbruesemudah satu klik sajaucpue ucpuejaga sehatmuucbruesemudah satu klik sajaucpue ucpuejaga sehatmuucbruesemudah satu klik sajaucpue ucpuejaga sehatmuucbruesemudah satu klik sajaucpue uchuesekarang solusi kesehatan semudah satu klik sajauchue uchuesekarang solusi kesehatan semudah satu klik sajauchue uchuesekarang solusi kesehatan semudah satu klik sajauchue kesehatan mental kesehatan mental kesehatan mental kesehatan mental kesehatan mental kesehatan mental kesehatan mental kesehatan mental kesehatan mental kesehatan mental kesehatan mental kesehatan mental kesehatan mental indonesian rupiah tambah lokasi kamumasuktambah lokasi kamutanya doktertemu dokterlayanan medis amp labinfo stem cellinfo obatinfo penyakitdownload aplikasi klikdokter dihomepsikologikesehatan mental alasan mengapa seseorang bisa kecanduan judi onlinekesehatan mental alasan mengapa seseorang bisa kecanduan judi onlinechristovel ramot jul ditinjau oleh dr gia pratamabagikandi era digital kecanduan judi online menjadi kian meresahkan artikel ini mengupas tuntas faktor faktor pemicunya dan strategi pencegahan serta penanganan yang tepat berdasarkan paparan dr giakecanduan judi online adalah masalah yang semakin memberat di era digital ini banyak faktor berkontribusi pada perkembangan kecanduan ini dan memahami alasan di balik kecanduan judi online sangat membantu dalam pencegahan dan penanganannya tim content klikdokter sempat berdiskusi dengan dr gia pratama tentang alasan mengapa seseorang bisa kecanduan judi online artikel lainnya tips berhenti kecanduan judi online aksesibilitas yang mudahjudi online sangat mudah diakses yang memungkinkan seseorang untuk berjudi kapan saja dan di mana saja dengan adanya internet dan perangkat pintar semua orang bisa bermain tanpa perlu pergi ke kasino fisik kemudahan akses ini membuat orang lebih rentan terhadap kecanduan  anonimitasjudi online menawarkan tingkat anonimitas yang lebih tinggi dibandingkan dengan berjudi di tempat fisik anonimitas ini bisa membuat seseorang merasa lebih nyaman untuk berjudi tanpa takut penilaian sosial atau dampak negatif dari penghakiman orang lain  pengalaman sensori yang menariksitus judi online sering kali dirancang dengan grafis yang menarik suara yang menghibur dan fitur interaktif yang bisa membuat pengalaman berjudi lebih menyenangkan dan adiktif pengalaman sensoris ini meluapkan keinginan untuk terus bermain  ilusi kontrolbanyak permainan judi online memberikan ilusi bahwa pemain memiliki kontrol atas hasil permainan misalnya permainan yang melibatkan keterampilan atau keputusan strategis bisa membuat pemain merasa mereka dapat memengaruhi hasil padahal pada kenyataannya hasilnya sepenuhnya bergantung pada keberuntungan semata  kemenangan kecil yang seringkasino online sering kali mengatur permainan agar memberikan kemenangan kecil yang sering untuk menjaga pemain tetap bermain kemenangan kecil ini bisa memberikan dorongan dopamin yang kuat dan membuat pemain merasa bahwa mereka dekat dengan kemenangan besar sehingga tidak bisa berhenti sama sekali  kesulitan keuanganbeberapa orang beralih ke judi online dengan harapan ini adalah cara cepat untuk menghasilkan uang ketika menghadapi kesulitan keuangan harapan untuk memenangkan uang dalam jumlah besar dapat menjadi motivator kuat untuk terus berjudi meskipun pasti mengalami kerugian lebih besar artikel lainnya terapi khusus untuk atasi kecanduan game online masalah emosional dan psikologisorang dengan masalah emosional atau psikologis seperti depresi kecemasan atau stres sering menggunakan judi online sebagai cara untuk melarikan diri dari perasaan negatif atau mengalihkan pikiran mereka judi memberikan pengalihan perhatian sementara dan perasaan euforia yang dapat menjadi adiktif  pengaruh sosialtekanan dari teman atau lingkungan sosial yang juga bermain judi meningkatkan kecenderungan seseorang untuk terlibat dalam judi online melihat teman atau kenalan yang memenangkan uang bisa mendorong individu untuk mencoba peruntungan mereka sendiri  kampanye pemasaran yang agresifsitus judi online sering kali menggunakan strategi pemasaran yang agresif termasuk iklan yang menarik bonus pendaftaran dan promosi khusus yang dapat menarik perhatian dan mendorong individu untuk mulai berjudi bonus dan insentif ini bisa membuat perjudian tampak lebih menguntungkan dan sulit ditolak  rasa keinginan untuk mengejar kerugianseseorang yang telah mengalami kerugian sering kali merasa terdorong untuk terus berjudi dalam upaya untuk mendapatkan kembali uang yang hilang keinginan untuk mengejar kerugian ini bisa membuat seseorang terperangkap dalam siklus perjudian yang semakin intens dan merugikan  kurangnya pemahaman tentang probabilitasbanyak pemain judi online tidak sepenuhnya memahami probabilitas atau peluang kemenangan kurangnya pemahaman ini bisa membuat mereka merasa bahwa mereka lebih mungkin untuk menang daripada yang sebenarnya sehingga terus berjudi meskipun mengalami kerugian terus menerus  kepuasan segerajudi online menawarkan kepuasan segera karena hasil permainan diketahui dalam waktu singkat kepuasan instan ini bisa menjadi sangat memikat dan membuat seseorang ingin terus bermain untuk merasakan euforia kemenangan lagi dan lagi  kurangnya pengawasan dan batasantidak adanya pengawasan atau batasan yang ketat dalam judi online dapat membuat seseorang lebih mudah terjerumus dalam kecanduan tidak adanya batasan waktu dan uang yang jelas bisa membuat seseorang berjudi lebih lama dan menghabiskan lebih banyak uang daripada yang mereka sadari  adanya fitur free play banyak situs judi online menawarkan mode free play yang memungkinkan pemain untuk mencoba permainan tanpa menggunakan uang sungguhan meskipun ini sangat berbahaya karena pada mode ini dibuat sering menang mode ini membuat pemain terbiasa dengan permainan dan merasa percaya diri untuk menang lalu mendorong mereka untuk beralih ke mode taruhan uang sungguhan  masalah genetik dan biologisbeberapa penelitian menunjukkan bahwa kecanduan termasuk kecanduan judi bisa memiliki komponen genetik dan biologis orang yang memiliki riwayat keluarga dengan kecanduan mungkin lebih rentan terhadap kecanduan judi online artikel lainnya dampak negatif terlalu sering menonton cek khodam di tiktokkecanduan judi online adalah masalah serius yang dapat berdampak negatif pada kehidupan seseorang termasuk aspek keuangan sosial dan kesehatan mental dampak negatif ini juga akan melebar ke keluarganya lingkungannya bahkan ke negara memahami faktor faktor yang menyebabkan kecanduan ini adalah langkah awal dalam pencegahan dan penanganan jika kamu atau seseorang yang kamu kenal mengalami kecanduan judi segera mencari bantuan profesional dan dukungan dari orang orang terdekat sebelum terlambatjika kamu punya pertanyaan tentang topik di atas gunakan layanan tanya dokter untuk konsultasi online dengan psikolog atau buat janji dengan psikolog secara langsung dengan layanan temu dokter dan temukan layanan kesehatan lainnnya di klikdokter yuk download aplikasi klikdokter sekarang untuk mendapatkan informasi kesehatan dan belanja keperluan kesehatan lainnya di kalstore jangan lupa untuk jagasehatmu selalu ya konsultasi dokter terkaitlihat semua fitri dian hapsari s psi m psi psikologpsikolog tahunmulai darirp mulai konsultasi dhebby edriany s psi m psi psikologpsikolog tahunmulai darirp mulai konsultasi anggreini ade putri remiyanto s psi m psi psikologpsikolog tahunmulai darirp mulai konsultasiartikel terkaitkesehatan mentallabubu dan cara menahan diri untuk tidak kepo dan fomo sep kesehatan mentalfufufafa dan apakah pemilik burner account cenderung memiliki eq dan iq rendah sep kesehatan mentalmengapa hati yang gembira adalah sebuah obat yang manjur sep kesehatan mentalfufufafa dan kecenderungan netizen memiliki burner account sebagai pelampiasan emosi sep kesehatan mentalmengenal fenomena lonely deaths meninggal dalam kesepian sep tampilkan lebih banyak,0
